{"stats":{"minecraft:crafted":{"minecraft:cherry_planks":12,"minecraft:crafting_table":1,"minecraft:wooden_pickaxe":1,"minecraft:bread":45,"minecraft:stick":4,"minecraft:stone_pickaxe":1,"minecraft:wooden_axe":1,"minecraft:wheat":135},"minecraft:picked_up":{"minecraft:charcoal":6,"minecraft:pink_petals":2,"minecraft:crafting_table":3,"minecraft:feather":1,"minecraft:brown_mushroom":1,"minecraft:red_mushroom":2,"minecraft:potato":1,"minecraft:oak_log":1,"projectvibrantjourneys:oak_hollow_log":4,"minecraft:dirt":19,"minecraft:moss_carpet":1,"minecraft:lantern":1,"minecraft:bone":3,"minecraft:sea_pickle":2,"minecraft:kelp":1,"minecraft:wheat_seeds":1,"minecraft:chest":1,"immersive_weathering:tallow":3,"projectvibrantjourneys:light_brown_bark_mushroom":2,"minecraft:stick":20,"minecraft:raw_iron":4,"minecraft:green_bed":2,"minecraft:cherry_log":13,"minecraft:spruce_sapling":18,"minecraft:spruce_log":23,"minecraft:barrel":2,"immersive_weathering:oak_bark":1,"minecraft:arrow":2,"minecraft:rotten_flesh":4,"minecraft:hay_block":23,"minecraft:cherry_sapling":4,"minecraft:spruce_sign":1,"minecraft:emerald":1,"minecraft:bread":2,"projectvibrantjourneys:orange_bark_mushroom":2,"minecraft:oak_sapling":2,"minecraft:cobblestone":15},"minecraft:used":{"minecraft:stone_pickaxe":6,"minecraft:wooden_pickaxe":15,"supplementaries:sconce_lever":1,"minecraft:green_bed":1,"minecraft:rotten_flesh":2,"minecraft:dirt":6,"minecraft:crafting_table":3,"minecraft:wooden_axe":45,"minecraft:bread":9},"minecraft:dropped":{"minecraft:bread":23,"minecraft:brown_mushroom":1,"immersive_weathering:oak_bark":1,"minecraft:feather":1,"minecraft:dirt":2,"supplementaries:sconce_lever":1},"minecraft:killed":{"naturalist:snail":1,"minecraft:zombie":1},"minecraft:killed_by":{"minecraft:zombie_villager":1,"minecraft:skeleton":1,"minecraft:creeper":2,"minecraft:zombie":3},"minecraft:mined":{"biomesoplenty:jacaranda_leaves":1,"immersive_weathering:grassy_permafrost":2,"immersive_weathering:spruce_leaf_pile":1,"minecraft:crafting_table":3,"minecraft:grass_block":7,"minecraft:chest":1,"minecraft:rose_bush":1,"minecraft:campfire":3,"minecraft:tall_grass":2,"minecraft:hay_block":23,"projectvibrantjourneys:light_brown_bark_mushroom":1,"minecraft:iron_ore":4,"minecraft:barrel":2,"minecraft:birch_leaves":1,"treechop:chopped_log":2,"minecraft:grass":6,"minecraft:oak_log":1,"projectvibrantjourneys:short_grass":2,"minecraft:lantern":1,"minecraft:dirt":13,"minecraft:stone":16,"projectvibrantjourneys:oak_hollow_log":4,"minecraft:green_bed":2},"minecraft:custom":{"minecraft:interact_with_furnace":1,"minecraft:mob_kills":2,"minecraft:interact_with_crafting_table":7,"minecraft:open_barrel":5,"minecraft:leave_game":1,"minecraft:time_since_death":38665,"minecraft:sleep_in_bed":2,"minecraft:climb_one_cm":2106,"minecraft:time_since_rest":38783,"minecraft:sprint_one_cm":119050,"minecraft:damage_taken":2320,"minecraft:walk_one_cm":312515,"minecraft:drop":7,"minecraft:damage_dealt":206,"minecraft:swim_one_cm":9675,"minecraft:fly_one_cm":883471,"minecraft:open_chest":12,"minecraft:crouch_one_cm":3961,"minecraft:play_time":91031,"minecraft:deaths":7,"minecraft:sneak_time":2882,"minecraft:walk_under_water_one_cm":13228,"minecraft:jump":864,"minecraft:walk_on_water_one_cm":5925,"minecraft:total_world_time":91031,"minecraft:fall_one_cm":18309,"minecraft:inspect_dispenser":1}},"DataVersion":3465}