{"stats":{"minecraft:crafted":{"minecraft:cherry_planks":36,"minecraft:oak_planks":28,"minecraft:crafting_table":1,"minecraft:wooden_pickaxe":1,"minecraft:furnace":1,"minecraft:stone_axe":1,"minecraft:stick":8,"minecraft:stone_pickaxe":1,"minecraft:torch":4},"minecraft:picked_up":{"minecraft:pink_petals":14,"minecraft:crafting_table":4,"minecraft:cherry_planks":32,"minecraft:acacia_wood":1,"minecraft:potato":4,"minecraft:oak_log":9,"minecraft:string":8,"minecraft:dirt":23,"minecraft:lantern":2,"minecraft:bone":7,"minecraft:wheat_seeds":9,"minecraft:stone_pickaxe":1,"minecraft:oak_planks":24,"immersive_weathering:tallow":3,"minecraft:furnace":1,"minecraft:stick":42,"minecraft:raw_iron":24,"minecraft:torch":1,"minecraft:dandelion":2,"minecraft:green_bed":5,"minecraft:porkchop":2,"minecraft:sand":3,"minecraft:cherry_log":9,"immersive_weathering:permafrost":1,"minecraft:brown_carpet":9,"minecraft:arrow":14,"minecraft:rotten_flesh":3,"minecraft:stone_axe":1,"minecraft:hay_block":4,"minecraft:cherry_sapling":11,"minecraft:bread":62,"supplementaries:ash":1,"projectvibrantjourneys:orange_bark_mushroom":2,"minecraft:oak_sapling":5,"minecraft:coal":9,"minecraft:rail":20,"minecraft:cobblestone":74},"minecraft:used":{"minecraft:cherry_sapling":2,"minecraft:stone_pickaxe":33,"minecraft:oak_planks":3,"minecraft:wooden_pickaxe":71,"minecraft:iron_sword":4,"minecraft:green_bed":3,"minecraft:dirt":23,"minecraft:crafting_table":3,"minecraft:lantern":1,"minecraft:bread":8,"supplementaries:bomb_blue":16,"minecraft:stone_axe":18,"minecraft:pink_petals":8,"minecraft:brown_carpet":9,"immersive_weathering:permafrost":1,"minecraft:oak_sapling":2,"minecraft:acacia_wood":1,"minecraft:potato":7,"minecraft:dandelion":2},"minecraft:dropped":{"minecraft:wheat_seeds":6,"minecraft:cherry_sapling":9,"minecraft:rotten_flesh":2,"minecraft:lantern":1,"projectvibrantjourneys:orange_bark_mushroom":2,"minecraft:stick":16,"minecraft:emerald":1,"minecraft:torch":1,"immersive_weathering:tallow":3,"minecraft:arrow":4,"minecraft:string":2,"minecraft:pink_petals":6,"minecraft:bone":4},"minecraft:broken":{"minecraft:wooden_pickaxe":1},"minecraft:killed_by":{"minecraft:skeleton":11,"minecraft:creeper":2,"minecraft:spider":2,"minecraft:zombie":8},"minecraft:mined":{"minecraft:brown_carpet":9,"minecraft:crafting_table":3,"projectvibrantjourneys:twigs":1,"minecraft:grass_block":10,"minecraft:tall_grass":5,"minecraft:oak_planks":3,"minecraft:pink_petals":1,"minecraft:hay_block":2,"immersive_weathering:cherry_leaf_pile":1,"minecraft:iron_ore":16,"minecraft:acacia_wood":1,"projectvibrantjourneys:orange_bark_mushroom":1,"treechop:chopped_log":1,"minecraft:grass":32,"minecraft:oak_log":2,"minecraft:coal_ore":5,"projectvibrantjourneys:short_grass":14,"minecraft:rail":10,"minecraft:dirt":3,"projectvibrantjourneys:seashells":1,"minecraft:stone":44,"minecraft:oak_leaves":8,"minecraft:green_bed":4},"minecraft:killed":{"minecraft:pig":1,"naturalist:lizard_tail":1,"minecraft:skeleton":2,"minecraft:pillager":2,"naturalist:lizard":1},"minecraft:custom":{"minecraft:mob_kills":11,"minecraft:interact_with_crafting_table":7,"minecraft:open_barrel":5,"minecraft:damage_dealt_resisted":2,"minecraft:leave_game":1,"minecraft:time_since_death":9296,"minecraft:sleep_in_bed":2,"minecraft:climb_one_cm":1468,"minecraft:time_since_rest":9334,"minecraft:sprint_one_cm":212790,"minecraft:damage_taken":6778,"minecraft:walk_one_cm":281048,"minecraft:drop":42,"minecraft:damage_dealt":1791,"minecraft:damage_dealt_absorbed":4,"minecraft:swim_one_cm":13208,"minecraft:fly_one_cm":315489,"minecraft:open_chest":18,"minecraft:crouch_one_cm":2783,"minecraft:play_time":73262,"minecraft:deaths":24,"minecraft:sneak_time":814,"minecraft:walk_under_water_one_cm":8677,"minecraft:jump":1462,"minecraft:walk_on_water_one_cm":5030,"minecraft:total_world_time":73262,"minecraft:inspect_dispenser":1,"minecraft:fall_one_cm":44023}},"DataVersion":3465}