{
  "takesapillage:root": {
    "criteria": {
      "always": "2024-07-09 01:11:56 +0000"
    },
    "done": true
  },
  "repurposed_structures:root": {
    "criteria": {
      "always": "2024-07-09 01:11:56 +0000"
    },
    "done": true
  },
  "minecraft:recipes/decorations/crafting_table": {
    "criteria": {
      "unlock_right_away": "2024-07-09 01:11:56 +0000"
    },
    "done": true
  },
  "dungeons_arise:wda_root": {
    "criteria": {
      "WDA": "2024-07-09 01:11:56 +0000"
    },
    "done": true
  },
  "minecraft:adventure/adventuring_time": {
    "criteria": {
      "minecraft:forest": "2024-07-09 01:12:04 +0000",
      "minecraft:plains": "2024-07-09 01:11:57 +0000"
    },
    "done": false
  },
  "DataVersion": 3465
}